"","ll_95","est","ul_95","ll_75","est2","ul_75"
"(Intercept)",0.524656842832964,2.07250333738068,3.62034983192841,1.17181936987436,2.07250333738068,2.97318730488701
"lrare",0.227602164805512,0.681165841970449,1.13472951913539,0.417239455403903,0.681165841970449,0.945092228536995
"Year2018",-2.86828917211384,-1.36059961718649,0.14708993774087,-2.23791646668235,-1.36059961718649,-0.483282767690626
"TreatmentRats",-1.56149060112855,0.00329476042826895,1.56808012198509,-0.838348074688547,0.00329476042826895,0.844937595545085
"Structure",0.13553277960188,0.307304296171637,0.479075812741395,0.207351328229661,0.307304296171637,0.407257264113613
"lcc",-0.120171594048269,-0.000911457907678634,0.118348678232912,-0.0703083218491759,-0.000911457907678634,0.0684854060338187
"lrare:Year2018",-0.0258454003455912,0.431734130226412,0.889313660798416,0.165470939078572,0.431734130226412,0.697997321374253
"lrare:TreatmentRats",-0.533418242471394,-0.114684593130978,0.304049056209437,-0.35834356444682,-0.114684593130978,0.128974378184863
