"","ll_95_scale","est_scale","ul_95_scale","ll_75_scale","est2_scale","ul_75_scale"
"(Intercept)",4.93373496891438,5.13220165473945,5.33066834056452,5.01671490418866,5.13220165473945,5.24768840529025
"scale(lrare)",0.171042392493653,0.420677978182088,0.670313563870522,0.275416306213561,0.420677978182088,0.565939650150614
"Year2018",-0.273676354843397,-0.0179285830189262,0.237819188805544,-0.166746904873946,-0.0179285830189262,0.130889738836094
"TreatmentRats",-0.980222806532742,-0.723942547742043,-0.467662288951344,-0.861786656520309,-0.723942547742043,-0.586098438963778
"scale(Structure)",0.0665860674451402,0.192519458452664,0.318452849460188,0.119239461596564,0.192519458452664,0.265799455308764
"scale(lcc)",-0.151301438984467,-0.0241318805570338,0.103037677870399,-0.0981311969194205,-0.0241318805570338,0.0498674358053529
"scale(lrare):Year2018",-0.0399294545557504,0.21780470693578,0.47553886842731,0.0678305150816076,0.21780470693578,0.367778898789952
"scale(lrare):TreatmentRats",-0.410348332541784,-0.175505235346318,0.059337861849147,-0.312159233832965,-0.175505235346318,-0.0388512368596716
