"","ll_95","est","ul_95","ll_75","est2","ul_75"
"(Intercept)",-0.291130752723949,1.56281781377416,3.41676638027228,0.484014614420659,1.56281781377416,2.64162101312767
"lrich",0.523919983897949,1.1512419701607,1.77856395642346,0.786206511230272,1.1512419701607,1.51627742909114
"Year2018",-3.47257798552201,-1.55596969625759,0.360638593006824,-2.67123426817149,-1.55596969625759,-0.440705124343697
"TreatmentRats",-2.60736262081936,-0.872290206044426,0.862782208730513,-1.80552443879011,-0.872290206044426,0.0609440267012626
"Structure",-0.16320537083531,0.0193956855618958,0.201996741959101,-0.0868589362794892,0.0193956855618958,0.125650307403281
"lcc",-0.0915625951933866,0.0136654315771627,0.118893458347712,-0.0475662196094455,0.0136654315771627,0.0748970827637709
"lrich:Year2018",-0.0550531822934422,0.632832229873188,1.32071764203982,0.232555222817006,0.632832229873188,1.03310923692937
"lrich:TreatmentRats",-0.283072600840991,0.263654606486205,0.810381813813401,-0.0544831623259409,0.263654606486205,0.581792375298351
