"","ll_95_scale","est_scale","ul_95_scale","ll_75_scale","est2_scale","ul_75_scale"
"(Intercept)",4.69702003809274,4.87231261052809,5.04760518296343,4.77028740077117,4.87231261052809,4.974337820285
"scale(lrare)",0.382057542085578,0.508979003013179,0.63590046394078,0.435107141280024,0.508979003013179,0.582850864746333
"Year2018",-0.246717496914442,0.00779285098238347,0.262303198879209,-0.140339333221011,0.00779285098238347,0.155925035185778
"TreatmentRats",-0.523487741432083,-0.30291101792279,-0.082334294413497,-0.421551454813405,-0.30291101792279,-0.184270581032175
"scale(Structure)",0.0989159680431796,0.221534538528231,0.344153109013283,0.150167080112702,0.221534538528231,0.29290199694376
"scale(lcc)",-0.117809532992672,0.00502154076559152,0.127852614523855,-0.0664696005346274,0.00502154076559152,0.0765126820658104
