"","ll_95","est","ul_95","ll_75","est2","ul_75"
"(Intercept)",-0.461739871125545,1.37650653844944,3.21475294802443,0.306840343989994,1.37650653844944,2.4461727329089
"lrich",0.614979646793056,1.24131616646798,1.8676526861429,0.876854145510433,1.24131616646798,1.60577818742552
"Year2018",-3.26448661769926,-1.37940895892807,0.50566869984311,-2.47632601804231,-1.37940895892807,-0.282491899813836
"TreatmentRats",-2.38905405080245,-0.625844339460362,1.13736537188172,-1.57421263125152,-0.625844339460362,0.3225239523308
"Structure",-0.156920320446049,0.0285357724582263,0.213991865362502,-0.0793801805407518,0.0285357724582263,0.136451725457204
"lcc",-0.106404089977296,0.00686283139292604,0.120129752763148,-0.0590466114919565,0.00686283139292604,0.0727722742778086
"lrich:Year2018",-0.125515772025997,0.552847542821143,1.23121085766828,0.158111395548479,0.552847542821143,0.947583690093807
"lrich:TreatmentRats",-0.412999673804621,0.141262856762447,0.695525387329515,-0.181259678146361,0.141262856762447,0.463785391671255
