"","ll_95","est","ul_95","ll_75","est2","ul_75"
"(Intercept)",0.772803957205786,2.29450291089934,3.81620186459289,1.40903406383294,2.29450291089934,3.17997175796573
"lrare",0.225512669392384,0.666503705069443,1.1074947407465,0.409893274353316,0.666503705069443,0.923114135785569
"Year2018",-2.86344946807676,-1.35675233309935,0.149944801878054,-2.23349169849644,-1.35675233309935,-0.480012967702272
"TreatmentRats",-1.55946284441671,0.0134854729869441,1.5864337903906,-0.832547928063485,0.0134854729869441,0.859518874037373
"Structure",0.0794054595165868,0.26960550773652,0.459805555956452,0.15892907137538,0.26960550773652,0.380281944097659
"lcc",-0.143280043936945,-0.00752268940545988,0.128234665126025,-0.0865192004472795,-0.00752268940545988,0.0714738216363598
"lrare:Year2018",-0.044633812197983,0.415869205355514,0.87637222290901,0.147904852068715,0.415869205355514,0.683833558642313
"lrare:TreatmentRats",-0.562403151933304,-0.143745381865748,0.274912388201809,-0.387360199420366,-0.143745381865748,0.0998694356888708
