"","ll_95","est","ul_95","ll_75","est2","ul_75"
"(Intercept)",-1.05844039357142,0.835475644763787,2.72939168309899,-0.266584422265053,0.835475644763787,1.93753571179263
"lrich",0.814524562181018,1.46039568026293,2.10626679834485,1.08456657629113,1.46039568026293,1.83622478423474
"Year2018",-3.03032206870132,-1.09044603127757,0.849430006146183,-2.21924998697462,-1.09044603127757,0.0383579244194783
"TreatmentRats",-1.68095854851062,0.142149338001522,1.96525722451366,-0.838436068805528,0.142149338001522,1.12273474480857
"Structure",-0.132885573539207,0.0588995087688052,0.250684591076818,-0.0526992508305321,0.0588995087688052,0.170498268368142
"lcc",-0.139204426162897,-0.021175223594308,0.0968539789742812,-0.0898558135788772,-0.021175223594308,0.0475053663902613
"lrich:Year2018",-0.255177410414968,0.443192035935091,1.14156148228515,0.0368144229486274,0.443192035935091,0.849569648921554
"lrich:TreatmentRats",-0.7547056216285,-0.181879540046817,0.390946541534866,-0.515204110453167,-0.181879540046817,0.151445030359532
