"","ll_95","est","ul_95","ll_75","est2","ul_75"
"(Intercept)",0.539653928760901,1.25756277711156,1.97547162546221,0.839719625962996,1.25756277711156,1.67540592826012
"lrare",0.679459358172711,0.905179216861188,1.13089907554967,0.773803907519502,0.905179216861188,1.03655452620287
"Year2018",-0.246717496900154,0.00779285099500248,0.262303198890159,-0.14033933320742,0.00779285099500248,0.155925035197425
"TreatmentRats",-0.523487741806479,-0.30291101794134,-0.082334294076201,-0.421551455023352,-0.30291101794134,-0.184270580859328
"Structure",0.143643428105025,0.321707215057504,0.499771002009983,0.218069080471748,0.321707215057504,0.425345349643259
"lcc",-0.119950082374787,0.00511278001169999,0.130175642398187,-0.0676773250709782,0.00511278001169999,0.0779028850943782
