"","ll_95","est","ul_95","ll_75","est2","ul_75"
"(Intercept)",0.669803075764364,2.19492901296929,3.72005495017421,1.30746602170547,2.19492901296929,3.0823920042331
"lrare",0.304185473166447,0.748142773285318,1.19210007340419,0.489806288444615,0.748142773285318,1.00647925812602
"Year2018",-2.74748296541108,-1.24433202246328,0.258818920484525,-2.1190078768352,-1.24433202246328,-0.369656168091362
"TreatmentRats",-1.30031726646381,0.264283222165805,1.82888371079542,-0.577260176326404,0.264283222165805,1.10582662065801
"Structure",0.0966947114667008,0.279572202298396,0.462449693130092,0.173156724671836,0.279572202298396,0.385987679924957
"lcc",-0.154050522022005,-0.0245703465902094,0.104909828841586,-0.0999141991829057,-0.0245703465902094,0.0507735060024868
"lrare:Year2018",-0.0710114016291874,0.387348580098633,0.845708561826453,0.120631248410408,0.387348580098633,0.654065911786857
"lrare:TreatmentRats",-0.729772309166431,-0.312122289027269,0.105527731111893,-0.555150702046969,-0.312122289027269,-0.0690938760075696
