"","ll_95_scale","est_scale","ul_95_scale","ll_75_scale","est2_scale","ul_75_scale"
"(Intercept)",4.83173240702085,5.07437445392519,5.31701650082952,4.93318228644639,5.07437445392519,5.21556662140398
"scale(lrare)",0.099771528456209,0.356436462734566,0.613101397012923,0.207084448733249,0.356436462734566,0.505788476735883
"Year2018",-0.326514202404042,-0.061555938956263,0.203402324491516,-0.215733798832131,-0.061555938956263,0.0926219209196053
"TreatmentRats",-0.910579986919183,-0.565622602542686,-0.220665218166188,-0.751163008347776,-0.565622602542686,-0.380082196737595
"scale(Structure)",0.0457282777130889,0.187280233689588,0.328832189666088,0.104911873670497,0.187280233689588,0.269648593708679
"scale(lcc)",-0.174523967597309,-0.0295707843177978,0.115382398961713,-0.113918301128249,-0.0295707843177978,0.0547767324926535
"scale(lrare):Year2018",-0.00443332375649463,0.266232050838958,0.53689742543441,0.108733252142869,0.266232050838958,0.423730849535046
"scale(lrare):TreatmentRats",-0.376917988773627,-0.131347711514918,0.114222565743792,-0.274243801277121,-0.131347711514918,0.0115483782472856
