"","ll_95_scale","est_scale","ul_95_scale","ll_75_scale","est2_scale","ul_75_scale"
"(Intercept)",4.77604436209849,4.95535489689364,5.1346654316888,4.85101501276181,4.95535489689364,5.05969478102548
"scale(lrich)",0.296656584092242,0.53738787615051,0.778119168208778,0.397307567154933,0.53738787615051,0.677468185146087
"Year2018",-0.106458567192692,0.123950396108263,0.354359359409218,-0.0101234025183653,0.123950396108263,0.258024194734892
"TreatmentRats",-0.72295347832257,-0.523656518759745,-0.324359559196921,-0.630851321444846,-0.523656518759745,-0.416461716074644
"scale(Structure)",-0.0926589277212213,0.0320782971700677,0.156815522061357,-0.0405056567339939,0.0320782971700677,0.104662251074129
"scale(lcc)",-0.118468931567443,-0.0133995021036863,0.0916699273600709,-0.0745388663277174,-0.0133995021036863,0.0477398621203449
"scale(lrich):Year2018",-0.0967143570850729,0.165884934100107,0.428484225285288,0.0130797481322779,0.165884934100107,0.318690120067937
"scale(lrich):TreatmentRats",-0.257667848582232,-0.0465950662245381,0.164477716133156,-0.169417239945374,-0.0465950662245381,0.076227107496298
