"","ll_95_scale","est_scale","ul_95_scale","ll_75_scale","est2_scale","ul_75_scale"
"(Intercept)",4.58707430140928,4.76605296562503,4.94503162984079,4.66190619528788,4.76605296562503,4.87019973596219
"scale(lrich)",0.20395502811948,0.448163069826024,0.692371111532568,0.306059657972208,0.448163069826024,0.59026648167984
"Year2018",-0.0775359964630721,0.159214296273214,0.395964589009499,0.0214505104448845,0.159214296273214,0.296978082101543
"TreatmentRats",-0.347834197529484,-0.157699292634394,0.0324356122606957,-0.259966149381673,-0.157699292634394,-0.0554324358871153
"scale(Structure)",-0.112386743923799,0.0133562878947148,0.139099319713229,-0.0598129399218114,0.0133562878947148,0.086525515711241
"scale(lcc)",-0.0899286291099023,0.0134215674450801,0.116771764000063,-0.0467173839325886,0.0134215674450801,0.0735605188227488
"scale(lrich):Year2018",-0.021431464384485,0.246353107634079,0.514137679652643,0.0905306332399763,0.246353107634079,0.402175582028182
"scale(lrich):TreatmentRats",-0.110196368107668,0.102637206057504,0.315470780222676,-0.0212095634205325,0.102637206057504,0.226483975535541
