"","ll_95_scale","est_scale","ul_95_scale","ll_75_scale","est2_scale","ul_75_scale"
"(Intercept)",4.78592340577381,4.99884365226253,5.21176389875125,4.87494644860222,4.99884365226253,5.12274085592285
"scale(lrare)",0.126804958833762,0.374772624683344,0.622740290532926,0.230481506747941,0.374772624683344,0.519063742618747
"Year2018",-0.294830296075783,-0.040048335677155,0.214733624721473,-0.188304656797635,-0.040048335677155,0.108207985443325
"TreatmentRats",-0.730987913316076,-0.441633868629606,-0.152279823943136,-0.597267199887349,-0.441633868629606,-0.286000537371863
"scale(Structure)",0.0546803143655592,0.185656176809017,0.316632039252475,0.109441991585432,0.185656176809017,0.261870362032602
"scale(lcc)",-0.140723163993766,-0.0073884445543822,0.125946274885001,-0.0849752366129176,-0.0073884445543822,0.0701983475041532
"scale(lrare):Year2018",-0.0250974313619123,0.233841751488996,0.492780934339905,0.0831663638620405,0.233841751488996,0.384517139115952
"scale(lrare):TreatmentRats",-0.316237259926624,-0.0808275085572224,0.154582242812179,-0.217811240212747,-0.0808275085572224,0.0561562230983027
