"","ll_95_scale","est_scale","ul_95_scale","ll_75_scale","est2_scale","ul_75_scale"
"(Intercept)",4.67236271624083,4.86808005828543,5.06379740033003,4.75419313683459,4.86808005828543,4.98196697973628
"scale(lrich)",0.31708349550166,0.568512466593246,0.819941437684832,0.422207232820711,0.568512466593246,0.714817700365781
"Year2018",-0.125040707929475,0.110750510627677,0.346541729184828,-0.0264551948355526,0.110750510627677,0.247956216090906
"TreatmentRats",-0.586464852357212,-0.350804183437483,-0.115143514517755,-0.477557742352294,-0.350804183437483,-0.224050624522673
"scale(Structure)",-0.0915078770385742,0.040559474191011,0.172626825420596,-0.0362898427810003,0.040559474191011,0.117408791163022
"scale(lcc)",-0.136720277229526,-0.020797344694982,0.0951255878395619,-0.0882523069072974,-0.020797344694982,0.0466576175173333
"scale(lrich):Year2018",-0.0993371461423277,0.172528720490399,0.444394587123127,0.0143313616109196,0.172528720490399,0.330726079369879
"scale(lrich):TreatmentRats",-0.293796784834507,-0.0708032674408695,0.152190249952768,-0.200562055978217,-0.0708032674408695,0.0589555210964784
