,ll_95,est,ul_95,ll_75,est2,ul_75
(Intercept),0.18510064,1.082294773,1.979488906,0.560102541,1.082294773,1.604487005
lrich,1.186041177,1.545372014,1.904702851,1.336231356,1.545372014,1.754512672
Year2018,-0.142934318,0.115757054,0.374448425,-0.034808604,0.115757054,0.266322711
TreatmentRats,-0.615641124,-0.384097995,-0.152554866,-0.508636875,-0.384097995,-0.259559116
Structure,-0.034959548,0.16577942,0.366518389,0.048943692,0.16577942,0.282615149
lcc,-0.050135258,0.080916986,0.211969229,0.004640892,0.080916986,0.157193079
