"","ll_95_scale","est_scale","ul_95_scale","ll_75_scale","est2_scale","ul_75_scale"
"(Intercept)",4.63760568369319,4.82546248771825,5.01331929174331,4.71614957318289,4.82546248771825,4.9347754022536
"scale(lrich)",0.239403334907869,0.483227748430795,0.727052161953722,0.341347567857138,0.483227748430795,0.625107929004452
"Year2018",-0.110510970541885,0.118990160983041,0.348491292507966,-0.0145553749710667,0.118990160983041,0.252535696937148
"TreatmentRats",-0.465741226291374,-0.242975422130694,-0.020209617970014,-0.362793288265598,-0.242975422130694,-0.12315755599579
"scale(Structure)",-0.108058722738772,0.0196503494627712,0.147359421664315,-0.054662907208491,0.0196503494627712,0.0939636061340334
"scale(lcc)",-0.104505273603938,0.00674036185383316,0.117985997311604,-0.0579929050849823,0.00674036185383316,0.0714736287926487
"scale(lrich):Year2018",-0.0488616080219793,0.215216139615628,0.479293887253236,0.0615506473913011,0.215216139615628,0.368881631839955
"scale(lrich):TreatmentRats",-0.160775238464691,0.0549917370015185,0.270758712467728,-0.0705619637073696,0.0549917370015185,0.180545437710407
