"","ll_95","est","ul_95","ll_75","est2","ul_75"
"(Intercept)",1.66055313572245,3.39290204519026,5.12525095465807,2.38485706503178,3.39290204519026,4.40094702534874
"lrare",0.0567373892008939,0.556624342358075,1.05651129551526,0.265742678148977,0.556624342358075,0.847506006567172
"Year2018",-2.64423991393171,-0.92483582934465,0.794568255242414,-1.92534828203782,-0.92483582934465,0.0756766233485169
"TreatmentRats",-2.55513086592977,-0.753325837254976,1.04847919141982,-1.72245318846744,-0.753325837254976,0.215801513957484
"Structure",0.0850301277813262,0.30871651717615,0.532402906570974,0.178554549961071,0.30871651717615,0.438878484391229
"lcc",-0.0764350705554916,0.0840446433855522,0.244524357326596,-0.00933768229457579,0.0840446433855522,0.17742696906568
"lrare:Year2018",-0.259886503855943,0.266533575825884,0.792953655507711,-0.0397875791549057,0.266533575825884,0.572854730806674
"lrare:TreatmentRats",-0.42530586723342,0.052447133792192,0.530200134817803,-0.225554896749949,0.052447133792192,0.330449164334333
