"","ll_95","est","ul_95","ll_75","est2","ul_75"
"(Intercept)",1.85168340157198,2.70506378955449,3.55844417753699,2.20837239027419,2.70506378955449,3.20175518883478
"lrare",0.504796660834087,0.750638580115451,0.996480499396815,0.607551665289238,0.750638580115451,0.893725494941665
"Year2018",-0.341058984518011,-0.064212842500495,0.212633299517021,-0.225345087394375,-0.064212842500495,0.0969194023933849
"TreatmentRats",-0.910056696302462,-0.551178762524481,-0.1923008287465,-0.744206540689057,-0.551178762524481,-0.358150984359905
"Structure",0.099380076617077,0.319937245570833,0.54049441452459,0.191566766928913,0.319937245570833,0.448307724212753
"lcc",-0.0730580340246369,0.0864230789486982,0.245904191922033,-0.00639941647889579,0.0864230789486982,0.179245574376292
