"","ll_95","est","ul_95","ll_75","est2","ul_75"
"(Intercept)",0.948713682178549,2.53188588320868,4.1150580842388,1.61064606757296,2.53188588320868,3.4531256988444
"lrare",0.177435834110356,0.633894279065294,1.09035272402023,0.368283441910598,0.633894279065294,0.899505116219991
"Year2018",-3.13240880952853,-1.56064155260518,0.0111257043181707,-2.47524488953099,-1.56064155260518,-0.646038215679373
"TreatmentRats",-1.47452497211909,0.173963273605867,1.82245151933082,-0.712700389587101,0.173963273605867,1.06062693679883
"Structure",0.0664055226835179,0.271963924021935,0.477522325360353,0.15235054044423,0.271963924021935,0.391577307599641
"lcc",-0.177694994134414,-0.0301080729277222,0.117478848278969,-0.115988148382704,-0.0301080729277222,0.0557720025272591
"lrare:Year2018",-0.00788431848396215,0.473472810994423,0.954829940472808,0.193373556518461,0.473472810994423,0.753572065470386
"lrare:TreatmentRats",-0.670319065894917,-0.233591597814045,0.203135870266827,-0.487721080327755,-0.233591597814045,0.020537884699665
