"","ll_95_scale","est_scale","ul_95_scale","ll_75_scale","est2_scale","ul_75_scale"
"(Intercept)",5.69295410096527,5.90677719716642,6.12060029336756,5.78235462987094,5.90677719716642,6.03119976446189
"scale(lrich)",0.227556122969951,0.504821234789817,0.782086346609683,0.343482082719719,0.504821234789817,0.666160386859914
"Year2018",-0.1661763957081,0.0965955311864215,0.359367458080943,-0.0563101106187085,0.0965955311864215,0.249501172991552
"TreatmentRats",-0.636755151318577,-0.394517427146679,-0.152279702974781,-0.52480855202111,-0.394517427146679,-0.264226302272247
"scale(Structure)",-0.0453487417141444,0.0993349844202213,0.244018710554587,0.0151442633459219,0.0993349844202213,0.183525705494521
"scale(lcc)",-0.0435647038244037,0.0839334801062056,0.211431664036815,0.00974293824240959,0.0839334801062056,0.158124021970002
"scale(lrich):Year2018",-0.230322568498046,0.070661515457659,0.371645599413364,-0.104479585322296,0.070661515457659,0.245802616237614
"scale(lrich):TreatmentRats",-0.0928084608310318,0.150654354921867,0.394117170674766,0.00898458624325071,0.150654354921867,0.292324123600483
