"","ll_95","est","ul_95","ll_75","est2","ul_75"
"(Intercept)",-0.675907290683963,1.14622168712346,2.96835066493089,0.0859341438684806,1.14622168712346,2.20650923037845
"lrich",0.762051879069199,1.38044278406525,1.99883368906129,1.02060427569661,1.38044278406525,1.74028129243388
"Year2018",-2.9085646661529,-1.03099011894666,0.846584428259585,-2.12354115577331,-1.03099011894666,0.0615609178799972
"TreatmentRats",-1.92138218823169,-0.199247732891247,1.52288672244919,-1.12552309375163,-0.199247732891247,0.727027627969134
"Structure",-0.134557102646141,0.0465833440971799,0.227723790840501,-0.0588213564486033,0.0465833440971799,0.151988044642963
"lcc",-0.120621461969492,-0.0136429653863517,0.0933355311967883,-0.0758932060140691,-0.0136429653863517,0.0486072752413657
"lrich:Year2018",-0.248439986114103,0.426125467814742,1.10069092174359,0.0335992764078417,0.426125467814742,0.818651659221643
"lrich:TreatmentRats",-0.661897557514576,-0.119693476727764,0.422510604059048,-0.435199261313905,-0.119693476727764,0.195812307858377
